model,accuracy,precision,recall,f1,roc_auc,pr_auc,brier
GRU (2-layer),0.4829751089445306,0.48118732450862417,0.9183892206400245,0.6315013687092019,0.7174375357882219,0.7731533746828361,0.22492648661136627
Ensemble (60%GRU),0.725533643548268,0.8234888531372099,0.5486143010258766,0.65851865465907,0.6525297072829337,0.7615351082568751,0.2211306682492947
Ensemble (avg),0.7263461112342122,0.8391742678828612,0.5352932169652427,0.6536412078152753,0.6508466121182502,0.7583345116724163,0.22338501535341734
Random Forest,0.678410517763498,0.8542141230068337,0.4019292604501607,0.5466472303206997,0.6328503693134744,0.7243101965220506,0.2538765349007913
XGBoost,0.6120836103109536,0.8121034651049293,0.2547848721482162,0.3878787878787879,0.5810718694788256,0.6536348988346992,0.3121089041233063
Logistic Regression,0.542580692813354,0.523011982570806,0.5881182054815496,0.5536576576576576,0.577994137024056,0.6582478277185514,0.3129188837791274
CNN (3-layer),0.4829751089445306,0.4753909119529856,0.6936150666054203,0.564134495641345,0.5204635763296789,0.5296369476013917,0.3200850486755371
