model,accuracy_mean,accuracy_std,precision_mean,precision_std,recall_mean,recall_std,f1_mean,f1_std,roc_auc_mean,roc_auc_std,pr_auc_mean,pr_auc_std,brier_mean,brier_std
Logistic Regression,0.7373767017648685,0.15115061145704337,0.18493304985960546,0.1521295462878008,0.2867599178472466,0.23938215003925548,0.20869179613969568,0.18005293189952618,0.5760257148591679,0.1719543482797199,0.21235586518741956,0.13775816387667364,0.19221558292195914,0.10681235894875157
Random Forest,0.8025267023287433,0.164178215594497,0.19604060524065375,0.20690151506824303,0.1419076771148689,0.26056277596409094,0.136727629487674,0.2138514078905022,0.5717572345680063,0.2092243316465312,0.2291207933872526,0.16551637416843112,0.15630371310747684,0.11303764031897642
XGBoost,0.8040606722682784,0.14015536569985895,0.22363567108164836,0.17104623720923898,0.14581266063971543,0.17919702183172684,0.15574770541540137,0.17788287417928184,0.5422819602869505,0.22570112064236852,0.21856659448464244,0.16964821805114227,0.16346417739987373,0.12764206741925696
