label,count,pct
0.0,21701,69.72432849248169
1.0,9423,30.275671507518314
