family,name,threshold,input_length_days,washout_days,test_pr_auc,test_roc_auc,test_f1,test_f1_tuned,tuned_threshold,test_precision,test_recall,test_brier,n_test,test_pr_auc_std,n_seeds
tabular,rf,4,14,14,0.5551801801801801,0.9338006230529594,0.0,0.6666666666666666,0.3544040334160369,0.0,0.0,0.0476991817201527,325.0,,
tabular,xgb,3,14,14,0.5262291908633372,0.8750000000000001,0.3076923076923077,0.06666666666666667,0.11992914229631424,0.2222222222222222,0.5,0.03069898125367063,324.0,,
tabular,lr,4,14,0,0.022273861651940466,0.6148843930635838,0.04081632653061224,0.017391304347826087,0.0006445304315012959,0.022222222222222223,0.25,0.10839023552809966,350.0,,
deep_learning,rnn,3,14,14,0.2614819146420075,0.9021874999999999,0.0,,,,,,,0.14841271355034977,5.0
