model_family,threshold,input_length_days,washout_days,arch,hp,seed,best_epoch,test_accuracy,test_precision,test_recall,test_f1,test_roc_auc,test_pr_auc,test_brier
deep_learning,3,14,14,rnn,{},42,27,0.9876543209876543,0.0,0.0,0.0,0.96171875,0.3565334268349696,0.012051539725916749
deep_learning,3,14,14,rnn,{},43,28,0.9876543209876543,0.0,0.0,0.0,0.9578125,0.4050245098039216,0.012067225794230719
deep_learning,3,14,14,rnn,{},44,30,0.9876543209876543,0.0,0.0,0.0,0.828125,0.07526379195746095,0.01212516649085558
deep_learning,3,14,14,rnn,{},45,30,0.9876543209876543,0.0,0.0,0.0,0.8875,0.34116473149492016,0.01209219383914563
deep_learning,3,14,14,rnn,{},46,29,0.9876543209876543,0.0,0.0,0.0,0.87578125,0.1294231131187653,0.01207585398225514
