model,accuracy,precision,recall,f1,roc_auc,pr_auc,brier,tab_dim,best_epoch,best_val_loss,seed,auc_ci_lo,auc_ci_hi
SW_only,0.8716807123549054,0.0,0.0,0.0,0.5407586030116813,0.14104200241312342,0.11417414979667334,0,10,0.554073,45,0.422,0.712
SW_inhaler,0.8716807123549054,0.0,0.0,0.0,0.5919282075346736,0.18302582304833243,0.11378103418057765,6,6,0.375658,45,0.549,0.642
SW_inhaler_pef,0.8716807123549054,0.0,0.0,0.0,0.5884822107905698,0.24141998944589152,0.1120951201263965,21,1,0.492387,45,0.338,0.844
Full,0.8716807123549054,0.0,0.0,0.0,0.18043675211472765,0.07466704541779988,0.12630875094597627,87,1,0.410362,45,0.025,0.53
