model,accuracy,precision,recall,f1,roc_auc,pr_auc,brier,tab_dim,best_epoch,best_val_loss,seed,auc_ci_lo,auc_ci_hi
SW_only,0.17897516296724153,0.11906885479843025,0.9481534090909091,0.2115689381933439,0.5514228814260616,0.12881901215704206,0.3366178879432025,0,1,1.169567,46,0.481,0.599
SW_inhaler,0.7301757570756663,0.20274584929757344,0.4509943181818182,0.27973568281938327,0.5744682014984595,0.14857730677425604,0.2673973860456864,6,4,0.853456,46,0.496,0.621
SW_inhaler_pef,0.3723904612591798,0.13541176470588234,0.8174715909090909,0.23233750504642714,0.4995883586117925,0.11725623194570997,0.36870443638345146,21,2,1.174125,46,0.299,0.602
Full,0.7383447479164947,0.1798038503450781,0.3515625,0.23792357606344627,0.6873909561432172,0.3692797467251678,0.1857199115105719,87,1,0.400824,46,0.438,0.911
