model,accuracy,precision,recall,f1,roc_auc,pr_auc,brier,tab_dim,best_epoch,best_val_loss,seed,auc_ci_lo,auc_ci_hi
SW_only,0.8521986970684039,0.0,0.0,0.0,0.386136426156189,0.11262462592873541,0.13008759064030986,0,5,0.585644,43,0.245,0.469
SW_inhaler,0.6332451140065146,0.20908845009467136,0.5323691460055097,0.3002524762089726,0.6072451099625014,0.31807226656008164,0.19008734268681488,6,2,0.543005,43,0.364,0.908
SW_inhaler_pef,0.6423045602605864,0.21185019564002236,0.522038567493113,0.30139165009940355,0.5946459255500758,0.32842174031926086,0.19053176223404666,21,5,0.535362,43,0.276,0.928
Full,0.8473127035830619,0.48089171974522293,0.41597796143250687,0.4460856720827179,0.6623413641694273,0.42517535712419935,0.14517296216170103,87,1,0.549263,43,0.463,0.968
