model,accuracy,precision,recall,f1,roc_auc,pr_auc,brier,tab_dim,best_epoch,best_val_loss,seed,auc_ci_lo,auc_ci_hi
SW_only,0.7941415785191213,0.0,0.0,0.0,0.5054388323721895,0.21382306623612252,0.1635648918906222,0,1,0.829644,44,0.474,0.543
SW_inhaler,0.7971250339029021,0.5474137931034483,0.0836627140974967,0.14514285714285713,0.5809557846821746,0.3035792291767983,0.16571839496116417,6,4,0.664559,44,0.377,0.759
SW_inhaler_pef,0.7941415785191213,0.0,0.0,0.0,0.5020746038431356,0.23670079015687243,0.1662086828513314,21,1,0.749311,44,0.294,0.699
Full,0.7941415785191213,0.0,0.0,0.0,0.636683117705926,0.3274732378061058,0.16985200569649045,87,1,0.691386,44,0.438,0.707
