label,count,pct
0.0,21701,69.72208835341365
1.0,9424,30.277911646586347
