label,count,pct
0,24736,78.59684799186579
1,6736,21.403152008134217
