model,accuracy,precision,recall,f1,roc_auc,pr_auc,brier,tab_dim,best_epoch,best_val_loss,seed,auc_ci_lo,auc_ci_hi
SW_only,0.5176540109321909,0.0,0.0,0.0,0.41516793102785177,0.43912035500133484,0.4243513858084512,0,6,0.749748,42,0.209,0.677
SW_inhaler,0.5176540109321909,0.0,0.0,0.0,0.7964719275105414,0.8348464354836672,0.39580578960580226,6,1,0.850704,42,0.543,0.96
SW_inhaler_pef,0.5176540109321909,0.0,0.0,0.0,0.7191618460984428,0.7603512050383581,0.3923434614993949,21,6,0.787187,42,0.373,0.845
Full,0.7758162210075343,0.9949022939677146,0.5379785604900459,0.69834012523606,0.6877676770193069,0.78689076136429,0.22697281914430442,87,1,0.444588,42,0.257,0.982
