family,name,threshold,input_length_days,washout_days,test_pr_auc,test_roc_auc,test_f1,test_precision,test_recall,test_brier,n_test,test_pr_auc_std,n_seeds
tabular,rf,4,14,14,0.5551801801801801,0.9338006230529594,0.0,0.0,0.0,0.0476991817201527,325.0,,
tabular,xgb,3,14,14,0.5262291908633372,0.8750000000000001,0.3076923076923077,0.2222222222222222,0.5,0.03069898125367063,324.0,,
tabular,lr,4,14,0,0.022273861651940466,0.6148843930635838,0.04081632653061224,0.022222222222222223,0.25,0.1083902582639444,350.0,,
deep_learning,rnn,4,14,7,0.27662171405555913,0.9095522388059702,0.0,,,,,0.1702608435921867,5.0
