model_family,threshold,input_length_days,washout_days,arch,hp,seed,best_epoch,test_accuracy,test_precision,test_recall,test_f1,test_roc_auc,test_pr_auc,test_brier
deep_learning,4,14,7,rnn,{},42,30,0.9882005899705014,0.0,0.0,0.0,0.9470149253731344,0.4930555555555556,0.01154646645117106
deep_learning,4,14,7,rnn,{},43,16,0.9882005899705014,0.0,0.0,0.0,0.9783582089552239,0.35547619047619045,0.011506454696339284
deep_learning,4,14,7,rnn,{},44,30,0.9882005899705014,0.0,0.0,0.0,0.8641791044776119,0.1756038504694974,0.011592526648302685
deep_learning,4,14,7,rnn,{},45,28,0.9882005899705014,0.0,0.0,0.0,0.9186567164179105,0.3095216163104888,0.011533970806212565
deep_learning,4,14,7,rnn,{},46,30,0.9882005899705014,0.0,0.0,0.0,0.8395522388059702,0.04945135746606335,0.011557128501105107
